year_month,VALUATION_VALUE,3MR_Annual_absolute_difference,3MR_Raw,COPRI_4_Quarter_Annual_Change,COPRI_Annual_Change,COPRI_RAW,EXCH_4_Quarter_absolute_difference,EXCH_Annual_Change,EXCH_Annual_absolute_difference,EXCH_Raw,GDP_4_Quarter_Annual_Change,GDP_Raw,RHP_4_Quarter_Annual_Change,RHP_Annual_Change,RHP_Raw,UR_4_Quarter_Annual_Average,UR_4_Quarter_Annual_Change,UR_4_Quarter_absolute_difference,UR_Annual_Change,UR_Annual_absolute_difference,UR_Raw,10YSR_4_Quarter_Annual_Average,10YSR_4_Quarter_absolute_difference,10YSR_Annual_absolute_difference,10YSR_Raw,3MR_4_Quarter_Annual_Average,3MR_4_Quarter_absolute_difference
2014-01,198961.37440758295,-0.004816350710900449,0.018711137440758283,-0.004493810121044919,-0.005873921772353871,169.34770932069512,-0.0008136745917952712,0.0011360882635915105,-0.9998004677205415,0.2387731485003498,0.03990387586248857,414750472037.9147,0.022472249547547164,0.02076401629962059,135.4845971563981,0.07465639810426535,-0.17173197328934972,-0.012535545023696628,-0.1619948450298737,-0.015436808846761407,0.08092969984202208,0.02572319982227486,-0.002013491608391523,-0.009485560594795524,0.025601036492890993,0.01759443127962085,-0.006606457345971526
2014-02,212776.35869565216,-0.005076630434782583,0.018723369565217376,-0.004455742201796986,-0.005865140297913367,169.35326086956522,-0.0009486167615352254,-0.0014739898814714225,-1.0004179392360535,0.2388094300065061,0.03991213640694827,414293058152.1739,0.02211971176441906,0.019575632729216252,135.29130434782607,0.07503781702898546,-0.17070810619124985,-0.012394474637681101,-0.16133904279572095,-0.01540126811594198,0.08136141304347823,0.02588348063858694,-0.0016046866525422788,-0.0101787297413793,0.025680489673913044,0.01767873641304348,-0.006742798913043438
2014-03,219317.6322418136,-0.0038219143576826075,0.018586146095717872,-0.002518780429049327,-0.005744209549133984,169.12317380352644,-0.0018718820587581761,-0.003962974321212769,-1.0010192337699033,0.2377175878965654,0.03967770978262673,417039357430.73047,0.02615798018368169,0.021514198320101513,136.02544080604534,0.07217527287993278,-0.174735836483314,-0.012188706968933611,-0.16047094276568952,-0.014736356003358474,0.07854827875734674,0.026017016435768234,-0.0014681841807908632,-0.0072480377358490255,0.025632722670025188,0.017590050377833753,-0.006069836272040273
2014-04,207840.98765432098,-0.004314320987654306,0.01844074074074073,-0.0042078512742022775,-0.006165275205904306,169.1719341563786,-0.0012813703526874435,-0.004289889030871343,-1.0010990304428697,0.23795081765865952,0.03924570987845912,416141248641.9753,0.023548654586341308,0.019119382081956553,135.59333333333333,0.07318209876543205,-0.17288356634491553,-0.012592798353909408,-0.16256768097268298,-0.015166255144032872,0.07931604938271601,0.025663622222222203,-0.0019246687869821613,-0.00781490629629628,0.02537471925925926,0.017475246913580246,-0.0063490123456789805
2014-05,216262.31454005933,-0.004533234421364968,0.018326112759643905,-0.004002873396617399,-0.006287537113276933,169.1513353115727,-0.0013139878860432461,-0.004306969675597727,-1.0010896048469196,0.23803919891408398,0.039385503481207396,416337115133.5311,0.02362139351965799,0.019277700873275863,135.65252225519288,0.07304920870425317,-0.17274318492470236,-0.012649604352126552,-0.16234982555097208,-0.015126607319485608,0.07922749752720076,0.02575536936201778,-0.0019325899999999127,-0.008127979912663738,0.025324613353115727,0.017457789317507418,-0.006307789317507384
2014-06,202200.6896551724,-0.0039037931034482617,0.018766896551724126,-0.002740116694237877,-0.00544438129964969,169.21954022988504,-0.0017648054294213552,-0.005388819232671859,-1.0013460026450431,0.23720180703393284,0.03967031376009567,416510635862.069,0.02581230418235997,0.02094790500160664,135.96793103448275,0.07270574712643674,-0.17428815461224326,-0.012017816091953966,-0.1585514693097635,-0.014613793103448222,0.07899540229885055,0.026002360517241356,-0.0017773488095237176,-0.007176916483516456,0.02585463931034483,0.01765448275862069,-0.006188706896551697
2014-07,205937.71929824562,-0.004716666666666644,0.019095906432748524,-0.00398660668171585,-0.0050394207715863835,169.44005847953215,-0.0010925059956430059,-0.002551770612643206,-1.0006638040518558,0.23791755232755432,0.03976315682004156,414189283625.731,0.02287020860272197,0.01953652180774065,135.42573099415205,0.0750938109161793,-0.1708155647392768,-0.011903508771929767,-0.15642131462907016,-0.014837231968810864,0.08141617933723193,0.025965988450292375,-0.0021970322033897476,-0.008652740101522827,0.026271064035087718,0.017839181286549707,-0.006889473684210493
2014-08,214307.421875,-0.004994921874999979,0.018533203124999988,-0.0049577409108015145,-0.006094551936170994,169.29973958333332,-0.0007734398568849614,-0.002051787037686913,-1.0005498160952022,0.2385958420187861,0.03948155414488886,414746101562.5,0.02164301887000511,0.01824251288011393,135.310546875,0.07462174479166662,-0.17121873562687395,-0.012638671874999943,-0.162589074331552,-0.015462239583333285,0.08072265624999997,0.025663452539062485,-0.002143826111111029,-0.009136952439024381,0.025512757421875,0.017534570312499997,-0.006647558593749964
2014-09,224690.9793814433,-0.0048564432989690424,0.018519329896907206,-0.0036863933713430024,-0.006045169925822782,169.30678694158073,-0.000991690557230339,-0.00010600874992179912,-1.0000647883973044,0.23815204847677143,0.04033832516509683,415806372422.6804,0.02388431463324262,0.02246445506870208,135.91417525773196,0.07369437285223362,-0.17344394444583802,-0.012645833333333282,-0.1618021040859625,-0.015267182130584147,0.07994243986254292,0.02583439207474224,-0.002217553392857059,-0.009422828399999977,0.025378576288659794,0.017483118556701028,-0.006157860824742231
2014-10,211346.70846394985,-0.004472100313479596,0.01872727272727272,-0.003050112102757618,-0.005735531279522814,169.35653082549632,-0.0010672802439928616,0.003405532074903847,-0.9992303135793171,0.2383151185819419,0.04067966993198859,415967325078.36993,0.02519303347191722,0.02429703811538237,136.17899686520374,0.07351933124346913,-0.1749710343293798,-0.012412748171368816,-0.16154560720384062,-0.015230929989550637,0.0798474399164054,0.02591823612852662,-0.0020661058695651295,-0.009620743627450952,0.025641812852664578,0.01755258620689655,-0.006030956112852632
2014-11,208532.60073260072,-0.004839926739926714,0.01944578754578753,-0.0035328292209150527,-0.00444421070545882,169.58058608058607,-0.0010087890303300817,0.004287296508560754,-0.9990283723653799,0.23874007790785437,0.040151172682717014,413512743956.04395,0.02308560566400627,0.021189800074440678,135.4758241758242,0.07596520146520142,-0.16952453415611113,-0.011488705738705687,-0.15249647141140232,-0.014600732600732554,0.08262759462759459,0.026206269688644673,-0.0023948729411763904,-0.009818839240506309,0.026989898534798537,0.01808937728937729,-0.007335531135531106
2014-12,218210.20408163266,-0.00468600583090376,0.01862157434402331,-0.002945913110009202,-0.005791393012970933,169.3274052478134,-0.0011196625553251181,0.0035071187274663272,-0.9991978948843133,0.23832956802452032,0.040628369422952795,416240127113.70264,0.025055005443010734,0.02441657959236893,136.19183673469385,0.07338508260447031,-0.1739791153921472,-0.012466958211856125,-0.15989248571034492,-0.015027210884353699,0.079824101068999,0.025980520553935835,-0.002298919094488106,-0.00943876592920351,0.025652261807580175,0.01755553935860058,-0.006150947521865856
2015-01,213134.54038997216,-0.004196657381615585,0.018348189415041773,-0.0037666027163454348,-0.006305173761788186,169.1376044568245,-0.0013402522204264422,-0.0018546441779739651,-1.0005146828118927,0.23824771654330248,0.039471661934502474,416714230919.22003,0.024408604275889752,0.02032195214285071,135.82200557103064,0.0726675951717734,-0.17405145655518028,-0.012653899721448416,-0.16365284204071862,-0.015219127205199582,0.07885143918291547,0.02571354233983285,-0.0018186566993463155,-0.008088083935742951,0.025319391922005573,0.01742973537604457,-0.006151671309192169
2015-02,233100.0,-0.004115290519877659,0.0176743119266055,-0.0029322414860435244,-0.0072549172952684786,168.92313965341486,-0.001655041698661595,-0.0024061029618934883,-1.0006210319381157,0.2377938981091609,0.039677146407133726,419316076758.4098,0.02642811514757913,0.022660271665051353,136.44831804281344,0.07036824668705398,-0.1765278764871685,-0.013247961264016261,-0.16614454497798212,-0.015124362895005053,0.0765412844036697,0.02568364801223239,-0.0020296489263802817,-0.007880141796874972,0.024564638532110092,0.017092125382263,-0.005438990825688043
2015-03,229506.68380462725,-0.0038899742930591143,0.018901542416452432,-0.003367831154674943,-0.005451253404312882,169.28200514138817,-0.0014683730282230494,-0.0029331306281009917,-1.000779272207285,0.2379165041640367,0.039678476705194095,415573090231.3625,0.024898230375422537,0.020287430923532513,135.73676092544986,0.07352592116538127,-0.17427649176682022,-0.012025278491859413,-0.16118588468492762,-0.015064267352185039,0.0797377892030848,0.025888005012853453,-0.0014511657467531488,-0.008044269583333312,0.02589572493573265,0.01768258354755784,-0.00629845758354753
2015-04,209499.17582417582,-0.0035271978021978,0.019510439560439546,-0.0026645153287744045,-0.004199551534096974,169.37261904761905,-0.0017725922812750709,-0.0020431840801601923,-1.0005790937557024,0.2380281837742565,0.03936177160868234,414595794780.2198,0.025208448798194283,0.019062368698084538,135.5618131868132,0.07429510073260068,-0.17270445943297766,-0.01112912087912082,-0.15465809582841922,-0.014407509157509104,0.08076098901098899,0.026217853777472502,-0.001285944655172314,-0.006454976213592204,0.026994652747252747,0.018086813186813187,-0.00690995879120877
2015-05,204761.72106824926,-0.0029970326409495623,0.01949643916913945,-0.002281569882416455,-0.0041061497827765405,169.2835806132542,-0.002302497597253019,-0.006825855606688363,-1.0017262103193072,0.23719178226155083,0.03873575100262356,415447718100.8902,0.026352946927010533,0.017439193070460112,135.586646884273,0.07338550939663693,-0.17292542823804521,-0.010859792284866408,-0.15266834594080778,-0.013945598417408448,0.07983481701285852,0.026265816839762594,-0.0013176307692306692,-0.0051020297435897186,0.02717393353115727,0.018131379821958456,-0.006931454005934704
2015-06,243004.4009779951,-0.004060880195599008,0.018681907090464536,-0.0032098227236896032,-0.005778584787215756,169.2246943765281,-0.0015293813184518675,-0.004330539674856547,-1.0010997821643823,0.2378384994052221,0.03980575342943905,416020956234.7188,0.025102027443847152,0.02035599883310803,135.82665036674817,0.07309963325183369,-0.1747636282146367,-0.012208638956805162,-0.16242363291996542,-0.01512958435207819,0.0792730236348818,0.025923901772616116,-0.0013774801829267293,-0.00832181467181465,0.02562392811735941,0.01758850855745721,-0.006084474327628333
2015-07,235854.62686567163,-0.0033298507462686524,0.018464477611940287,-0.002153036963517076,-0.0058717879733112075,169.02069651741294,-0.002204905745782294,-0.008200534253190579,-1.002029639473678,0.2370001301488675,0.039374205596906256,417950578805.97015,0.027336535797081365,0.020517483124829844,136.1844776119403,0.0710935323383084,-0.17669324339841286,-0.012160199004975067,-0.16184337683002217,-0.014644776119402934,0.07727761194029847,0.02598573947761191,-0.0013497093373492975,-0.0061875205357142535,0.02547482208955224,0.017499850746268655,-0.005706940298507439
2015-08,205638.99721448467,-0.004536211699164325,0.017950696378830074,-0.003381553546686993,-0.006994272376852283,169.03565459610027,-0.0014697605034543104,-0.005377333106778205,-1.0013360604790695,0.2380412355449841,0.03999287919779115,417405151532.03345,0.024950349082540912,0.02126415079725591,136.0041782729805,0.07191991643454033,-0.17552170586578988,-0.01305663881151341,-0.16737979343965342,-0.015513463324048236,0.07801857010213553,0.025788797284122537,-0.001389426833333234,-0.008911159607843114,0.0245993,0.017227576601671308,-0.005577506963788263
2015-09,216725.51546391752,-0.0045095360824742034,0.018672680412371124,-0.0035643540164332637,-0.0059579712898211335,169.3060996563574,-0.0011045424861065563,0.0007369123595349632,-0.9998896002050863,0.23862600792984043,0.0403604205025522,415448677835.0516,0.024276808345380086,0.022315195888808308,135.8226804123711,0.07384042096219925,-0.17423637719084725,-0.012467139175257682,-0.16383489169282717,-0.015498281786941535,0.08010824742268038,0.025870598195876268,-0.0014219699999999007,-0.009841245783132507,0.02546728969072165,0.01755451030927835,-0.006130863402061821
2015-10,213103.25814536342,-0.004245864661654118,0.019215288220551366,-0.002778287426602042,-0.004829104061857832,169.39373433583958,-0.0015081629799003485,0.0007603594660670814,-0.9998901063771384,0.2385033845392947,0.040097324507102,414735510776.9424,0.02482070310005915,0.021516735997324267,135.6872180451128,0.07446637426900579,-0.17223798721811315,-0.011600877192982402,-0.15642626606814003,-0.0147226399331662,0.08105346700083539,0.02623296660401,-0.0013645795774646888,-0.008882260580912835,0.026512020050125314,0.01795256892230576,-0.006758333333333304
2015-11,221717.16937354987,-0.005114849187935013,0.01785011600928073,-0.0043647992164926154,-0.0073063138925926795,169.08669760247486,-0.0008528445015691345,0.0002505730282594052,-0.9999936014879149,0.23955969981054764,0.04006555466248532,416340946635.73083,0.022858072361907317,0.020127255344532257,135.70719257540603,0.07305935808197984,-0.17436592236979598,-0.01333642691415308,-0.17053073580868577,-0.01611832946635727,0.07911600928074242,0.025687192227378173,-0.0012702591935482871,-0.010256369936708842,0.02457592389791183,0.01719767981438515,-0.005830684454756341
2015-12,239453.31695331694,-0.004328009828009804,0.018424324324324316,-0.0031442620231988557,-0.006356482491018857,169.2352989352989,-0.0012405016445577854,0.0009918483992405608,-0.9998174940345779,0.23833019893651133,0.040527476375489736,416665147420.1474,0.02555916137765253,0.023734405024290778,136.17788697788697,0.07276146601146596,-0.1760031725976202,-0.012690827190827146,-0.16533489581565725,-0.015497133497133454,0.07898935298935295,0.025831111056511036,-0.0015858833870966767,-0.00983324094202896,0.02516342235872236,0.0174009828009828,-0.005735933660933628
2016-01,223768.39916839916,-0.0036756756756756606,0.018647817047817036,-0.002099012472537197,-0.005848335577252675,169.2084546084546,-0.002286845785371688,-0.006859746475459637,-1.0016882952297765,0.23672744642628296,0.03986277165126051,417596930561.33057,0.02789093879789889,0.0221407944035476,136.2128898128898,0.07188911988911983,-0.17491603776031883,-0.011876126126126077,-0.15796152530663476,-0.014401247401247345,0.07834026334026331,0.02615656096673595,-0.00159263018018008,-0.009117498181818163,0.025870279417879418,0.01767551975051975,-0.006060031185031161
2016-02,246238.8,-0.00398959999999998,0.018879199999999992,-0.00250786339425087,-0.005508701579253078,169.309,-0.0017829971069449556,-0.0014414225946914488,-1.0004070267010947,0.2377664807773958,0.040188049932903244,416272422400.0,0.02642615741425908,0.02288362784341042,136.0326,0.07313249999999995,-0.17406037728866652,-0.011896666666666616,-0.15850883835178906,-0.014731333333333282,0.07964733333333329,0.026129267899999982,-0.0015108104999999,-0.00943648073394493,0.026020218199999997,0.017751799999999998,-0.006291749999999971
2016-03,226099.06890130354,-0.004378584729981355,0.018610800744878944,-0.0028307996024885228,-0.005966876041900234,169.2713842333954,-0.0016687907896207003,-0.003851389190478241,-1.0009647148017127,0.23765242852135074,0.040255322704899,416369969273.74304,0.025810047489208527,0.022127583902499463,135.98845437616387,0.07305462445685905,-0.17407567106226982,-0.01220127250155178,-0.1604920996280942,-0.014944134078212238,0.07943078833022964,0.02608166089385473,-0.001536654523809424,-0.009940668732394346,0.025632541899441343,0.01761852886405959,-0.006113873370577249
2016-04,229788.74388254486,-0.00408776508972265,0.018439641109298525,-0.00290017153933328,-0.00643543508088878,169.24393692224032,-0.001551198894802683,-0.0032615096302376074,-1.0008279705559524,0.23731636939962816,0.040565402320468,417152156933.11584,0.026676284944282473,0.024171074912225875,136.29657422512236,0.07229771615008151,-0.1766932664918349,-0.012592985318107621,-0.16467315472654995,-0.015319738988580698,0.07848341489940182,0.02583457911908644,-0.0015924912601625017,-0.0101317420924574,0.025064479771615005,0.01738853996737357,-0.0055540783034257425
2016-05,241648.62542955327,-0.004342955326460453,0.01800498281786941,-0.0032478470427423386,-0.007226937770618005,169.1549828178694,-0.001522872302735239,-0.00540148663010201,-1.0013237425028736,0.2372258470835036,0.040511409374701546,417878189347.07904,0.026511553610915613,0.023468718951738618,136.33333333333334,0.07169788087056124,-0.17718772444394304,-0.013028636884306943,-0.16785001366953045,-0.015575601374570393,0.07773367697594498,0.025724890549828162,-0.001635366286306954,-0.010752161778846138,0.0245344147766323,0.01718036941580756,-0.00528165807560134
2016-06,232646.273830156,-0.00407972270363949,0.018658578856152505,-0.0025865005526150013,-0.005959377352992046,169.29618717504331,-0.0016085249115218119,-0.003633404582958897,-1.000910095736403,0.2371733245924002,0.040621825859669704,416715816117.85095,0.026760300885475187,0.023954285836456674,136.28145580589253,0.07263908145580585,-0.17637843385251348,-0.012293183131138023,-0.1622932789183537,-0.015099364529173835,0.0788705950317735,0.025973535658578833,-0.0015960111233479174,-0.00978914632152586,0.025406450259965338,0.017515901213171575,-0.005680849220103955
2016-07,241982.3404255319,-0.004809361702127626,0.01833425531914893,-0.0034317369073008225,-0.006636173240907739,169.28120567375885,-0.0010654022607081745,0.0002577548282837677,-0.9999800762743817,0.2383496880048252,0.04091534605990532,416261932765.95746,0.024924490137751408,0.024267872721328652,136.11127659574467,0.07323510638297867,-0.17547170376200324,-0.012889361702127613,-0.16637294372122013,-0.015728368794326195,0.07945035460992904,0.025833256808510615,-0.001541442701863254,-0.011144195886075927,0.024895205319148933,0.017352393617021275,-0.005679946808510599
2016-08,227347.40882917467,-0.0045606525911707965,0.01834798464491362,-0.003271075729269326,-0.006574295959329696,169.25713371721048,-0.0011165094532397078,0.0010498608681115717,-0.9997950381873629,0.2384067532194253,0.04080762552394674,416525575815.73895,0.02535442830473697,0.024175734865661973,136.19232245681383,0.07292930262316055,-0.17623354260084262,-0.012837492002559136,-0.1667412848204918,-0.015707613563659583,0.07911516314779267,0.025819552111324355,-0.0015137739304811834,-0.010669594050991478,0.024968947216890594,0.017346545105566217,-0.005614107485604571
2016-09,263207.4193548387,-0.004311451612903198,0.018347096774193543,-0.0025911969924652684,-0.006506242782459269,169.2247311827957,-0.0015656201082860043,-0.001171270850311243,-1.0003200575088385,0.23773748915866444,0.040758314311718426,417352685322.5806,0.02678750726574723,0.024870492282874405,136.37709677419355,0.0722110215053763,-0.17630980991348297,-0.012633064516128988,-0.1640773786644238,-0.015259139784946188,0.07853655913978491,0.025958706088709656,-0.0015876524390242902,-0.010434630162412969,0.025098032903225806,0.017399879032258064,-0.0055925403225806115
2016-10,264410.0350058343,-0.004695565927654578,0.018667094515752616,-0.003116584803242116,-0.006032108377443501,169.3663943990665,-0.0011921438793841973,0.0012823551060066267,-0.9997382263925129,0.23834481022181186,0.0408859099772745,415725745040.84015,0.025162548439168757,0.02423658121367774,136.04854142357058,0.07376760015558144,-0.1744400652117227,-0.01243222481524694,-0.16259002688383845,-0.015385453131077356,0.08015246985608708,0.02600017263710616,-0.0015679449652776778,-0.011150017953321342,0.025474064060676777,0.0175696032672112,-0.006027712952158656
2016-11,230477.35849056602,-0.0045740566037735545,0.018801533018867913,-0.002849456970017699,-0.005748818312063748,169.38490566037734,-0.0013358558207863525,0.000604412035308328,-0.9999002354442267,0.23812317438142874,0.04083420061436106,415668149528.3019,0.025512625477177406,0.02418204860978744,136.0566037735849,0.07379363207547165,-0.17421037639935225,-0.012212460691823851,-0.16070159782471333,-0.015161556603773536,0.08023860062893078,0.02608507771226413,-0.0015757354810995564,-0.010841901296296272,0.02570191391509434,0.01765675117924528,-0.006122847877358456
2016-12,238542.96187683285,-0.004193988269794697,0.018740762463343098,-0.002600266216205253,-0.005784545273722349,169.31041055718475,-0.0015574331072306536,-0.0009546132371123323,-1.0002794311192182,0.23778554607993632,0.040574009550796944,416341792521.99414,0.02628526235529091,0.023908741170290383,136.16290322580647,0.07305474095796671,-0.17517110428339747,-0.012195259042033186,-0.16105173814500165,-0.015040078201368474,0.07944672531769302,0.026049023350439862,-0.0015359986538460537,-0.009850059863945552,0.025642737683284456,0.01761264662756598,-0.005969684750733106
2017-01,234286.76470588235,-0.0047481092436974645,0.018521218487394953,-0.004288783469566031,-0.00591189878644574,169.48690476190475,-0.001035979773581817,-0.005811543840946712,-1.0014320634155056,0.23721650849431614,0.04005591254226105,415583243697.479,0.022308105610518505,0.01899688263085985,135.91050420168068,0.07340126050420163,-0.1759288072134686,-0.013178571428571382,-0.16845360254990432,-0.015882352941176413,0.07898669467787112,0.025652178203781496,-0.0015314431506848315,-0.007345624232081869,0.026208797058823532,0.017278046218487393,-0.0059127626050419786
2017-02,219866.2162162162,-0.004800337837837829,0.018764864864864853,-0.004084466122153072,-0.005303015351490981,169.52742117117117,-0.001349698435181281,-0.005929217420476898,-1.0014696893802317,0.23744666593468755,0.03954650956860071,415082649831.08105,0.021790473496460277,0.017101514892220043,135.62770270270272,0.07393060247747743,-0.17298327458873067,-0.012706221846846796,-0.1631090206623491,-0.01532150900900895,0.07979842342342339,0.02591079624155404,-0.0014643078804346828,-0.006690188918918876,0.02707659679054054,0.01755899493243243,-0.006633614864864828
2017-03,215259.63020030817,-0.003938058551617868,0.01853328197226501,-0.0029328736556526,-0.0057083281646516364,169.28690292758088,-0.002168190842808961,-0.012826713999066331,-1.0031060258785012,0.23599534987443008,0.03926035658243707,417230173805.85516,0.02543064094238507,0.017799513152800744,136.01540832049307,0.07186684643040571,-0.17520012451565378,-0.012363636363636311,-0.16126300777689648,-0.014690292758089304,0.07778017462763223,0.02598756348228042,-0.0015543951067614659,-0.00648614080188676,0.02641028258859784,0.017504314329738056,-0.006072881355932176
2017-04,229301.19047619047,-0.004693849206349195,0.017992857142857133,-0.0044156633527032375,-0.006825900069132826,169.29497354497352,-0.001601876764496943,-0.012243851839526563,-1.002964905098842,0.2365393606216103,0.03933123002533572,417175327976.1905,0.023003805104900354,0.016967036002938626,135.84285714285716,0.07207010582010577,-0.1749725923093568,-0.013392857142857094,-0.16856013968305994,-0.015595899470899408,0.07768253968253966,0.02562321636904761,-0.0015845578124999,-0.007868810955056154,0.025795896825396826,0.01715094246031746,-0.005905704365079327
2017-05,241896.40718562875,-0.0048510978043912025,0.018317564870259474,-0.00449925990467724,-0.006342428536007267,169.39481037924153,-0.0012539885076620137,-0.008581799639966935,-1.0020899962682905,0.23716974844574337,0.039666797166725415,415915332734.53094,0.02240977176512481,0.017492048714446616,135.71756487025948,0.07324417831004652,-0.17445933570765226,-0.01310395874916828,-0.16735622032975053,-0.015701929474384504,0.07892614770459079,0.02568997524950099,-0.001559521449704042,-0.008398165045592678,0.025984229540918162,0.017302345309381236,-0.006087824351297367
2017-06,248052.33644859813,-0.004825233644859799,0.01831177570093457,-0.004048490590080982,-0.006208832991947829,169.38847352024922,-0.0015310928134487888,-0.00824311565015285,-1.0020130387592154,0.2370986817768944,0.039608624330156904,416388627850.4673,0.02280818080288972,0.018049998003039327,135.80579439252338,0.07286510903426786,-0.17376638810526993,-0.01306728971962612,-0.1653367843139191,-0.015398130841121434,0.07872647975077879,0.02581913621495326,-0.0015555036096255683,-0.00791001120218576,0.026298036261682242,0.017354532710280375,-0.006248037383177532
2017-07,241682.76515151514,-0.004845075757575737,0.01791571969696969,-0.004059767934189647,-0.007074915142027369,169.24823232323232,-0.001207161699533055,-0.005121882124048331,-1.0012612266221588,0.23765899882556643,0.04015221824690231,417190379734.8485,0.023618253425956345,0.02055213668358755,136.0964015151515,0.07216256313131308,-0.17630760698902298,-0.01354908459595955,-0.17072452111731637,-0.01595391414141409,0.07792676767676764,0.025626200520833316,-0.0015305281578946368,-0.00906968726790448,0.025172142234848482,0.01707836174242424,-0.005553172348484808
2017-08,239698.42519685038,-0.0047799212598425055,0.018528149606299203,-0.003841162539456666,-0.005889799844353228,169.41968503937008,-0.001377213024661257,-0.004434689925364326,-1.0011052011712653,0.23771057414943403,0.03983466482617025,415816799803.1496,0.023036255954487387,0.018872943494965405,135.79507874015746,0.07343307086614168,-0.17364901877265942,-0.012765419947506513,-0.1640100223818448,-0.01537664041994745,0.07942847769028868,0.025908227263779515,-0.0015228565789472683,-0.008417126035502926,0.02640893976377953,0.017484448818897637,-0.0063579232283464205
2017-09,256741.71348314607,-0.0047346910112359385,0.01821755617977527,-0.003539812948214566,-0.0063349458638946605,169.28735955056177,-0.001555151436331553,-0.005494935123939262,-1.0013631339518851,0.2375675811796481,0.03986688089283179,416885895786.51685,0.023639396870961674,0.020062805226407538,135.97710674157304,0.07241420880149808,-0.1743639400139446,-0.013109550561797703,-0.1655850446259519,-0.015375936329587963,0.07844475655430708,0.02586628346207863,-0.0014610880268198234,-0.007888542799999962,0.025918041011235956,0.017322998595505616,-0.006057198033707825
2017-10,236345.38878842676,-0.004193670886075935,0.017831283905967443,-0.003102107156277113,-0.007087963987428708,169.12453285111513,-0.0020668500069003473,-0.012145932970127428,-1.002933517807315,0.23614886966847234,0.039677081767397725,418843522061.48285,0.02609154154238659,0.020194939135853993,136.33815551537072,0.07057142857142852,-0.17695312805077293,-0.013217450271247693,-0.16722504669603971,-0.015199517781796202,0.0764135021097046,0.025765632549728735,-0.0016048347999999,-0.008130239608801928,0.02522190144665461,0.017111663652802894,-0.005406600361663619
2017-11,232743.66729678639,-0.00421190926275991,0.018311342155009444,-0.0036473594791249183,-0.006342186302267655,169.3191556395715,-0.0016039624650711838,-0.010082420981684204,-1.002450020058688,0.236327925739634,0.03983050172852506,417127003402.6465,0.024685104218224837,0.019681214138708533,136.13534971644614,0.07200929426591049,-0.17692707758309242,-0.01301748582230619,-0.16728473606627536,-0.01547195967233768,0.07768431001890357,0.02567751758034025,-0.001596420631067861,-0.007631397398843899,0.025702834782608694,0.017232183364839317,-0.005606001890359135
2017-12,235852.10280373832,-0.0043285046728971785,0.018375700934579433,-0.004167054636114201,-0.006373120902412872,169.34345794392524,-0.0013039300764230671,-0.009058243878851813,-1.0022185356679882,0.2366291788400895,0.0399334872183989,416438875934.57947,0.023806291707090713,0.019990984417342973,135.97266355140187,0.07262792056074763,-0.17661553505964428,-0.013132788161993718,-0.16869650718591728,-0.015760903426791217,0.07826090342679126,0.025542502394859792,-0.0015426540322579646,-0.007868996666666636,0.02544885070093458,0.017210046728971962,-0.005622196261682206
2018-01,235302.004454343,-0.004573719376391977,0.018027394209354113,-0.004441245731226442,-0.006349149116340386,169.35723830734966,-0.0020575716274730616,-0.021063500225139368,-1.0050899314853317,0.23474974301360155,0.03878118173024185,417610024498.8864,0.021898920117428035,0.01543451606745171,135.83073496659242,0.07129064587973268,-0.17467478558297905,-0.013783778767631715,-0.16807649813544975,-0.015305122494431994,0.07665775798069782,0.025536712305122472,-0.001530025581395249,-0.003878086092715181,0.026419447884187083,0.01704448775055679,-0.0059610801781736725
2018-02,243353.02325581395,-0.0044327906976744155,0.018198604651162784,-0.004729709312398419,-0.006164872687208686,169.4024031007752,-0.001983987414206888,-0.02024391760546388,-1.0049065623519289,0.23487531997233854,0.038627902153090025,417121933488.3721,0.021626109950500016,0.014954084575953104,135.6911627906977,0.0717523255813953,-0.1742251198479022,-0.013622093023255757,-0.16759478459639482,-0.015327131782945657,0.07712403100775192,0.025484061976744164,-0.0015236537037036037,-0.003930465492957701,0.026588282558139532,0.01712232558139535,-0.006146453488372048
2018-03,244887.21461187216,-0.004243835616438354,0.018486757990867575,-0.0046794462335367675,-0.005748167120773942,169.45205479452054,-0.0018711459423264843,-0.018229065130661866,-1.004432860041355,0.23512228593901163,0.03869342073170909,416445979452.0548,0.021765080514620613,0.015218679977630767,135.6260273972603,0.07234608066971075,-0.17420075253891923,-0.01328234398782338,-0.16625085193718853,-0.015287671232876634,0.07777092846270926,0.025511514897260255,-0.001498788043478161,-0.0037827934306568895,0.026757161415525116,0.01725599315068493,-0.00626712328767119
2018-04,263219.62264150946,-0.004609811320754721,0.017961132075471693,-0.005066193868246467,-0.006413725330326659,169.3756603773585,-0.0018892351830463272,-0.018971760395882005,-1.004605193662341,0.23537676263097698,0.03833866664179116,417395885849.0566,0.020577107733963578,0.013460155771979187,135.65169811320757,0.07146871069182384,-0.17417245068397605,-0.013998270440251514,-0.17013746378318007,-0.01555283018867917,0.07672704402515722,0.025417397122641495,-0.0014519506345176665,-0.003556666666666616,0.026765837735849056,0.017006981132075473,-0.0062037264150942946
2018-05,294670.4414587332,-0.005141458733205374,0.017740499040307098,-0.0050814038674223,-0.006638953162409583,169.4469609724888,-0.0018681114633396375,-0.018437861490331307,-1.004458611945505,0.23537170600141413,0.0385751878649589,417731800575.81573,0.019820786488539355,0.013680275619025834,135.77927063339732,0.07129046705054377,-0.17375400616390316,-0.014427223288547612,-0.17106038022475697,-0.01564875239923217,0.07652911068458092,0.02547831458733204,-0.0015495803672315384,-0.003998877142857085,0.027056987523992323,0.01690263915547025,-0.006234117082533538
2018-06,291437.3362445415,-0.004897598253275106,0.017581441048034933,-0.005166105484004586,-0.007053430391331859,169.35451237263464,-0.0018548060828413211,-0.021051647785995352,-1.0050817630936304,0.2348965349155338,0.03862534794800474,418235756986.89954,0.02058753815238086,0.014182618595172867,135.88406113537118,0.07072780203784565,-0.17545971519299428,-0.014568959243085827,-0.1735612859133124,-0.015831149927219717,0.07579621542940318,0.02531066604803492,-0.0015572458333332332,-0.004071105988023899,0.02634584847161572,0.016751910480349345,-0.005774017467248858
2018-07,300045.47461368656,-0.005134437086092717,0.017465121412803528,-0.00516062540744955,-0.007061908219627357,169.3531272994849,-0.0019126781488476763,-0.02032293404006464,-1.004903341440157,0.23523968637715278,0.038423467329659136,418371439072.84766,0.019911595825138354,0.013003915615964382,135.83774834437085,0.07063539367181745,-0.17457767863442017,-0.014685798381162567,-0.1732936401500643,-0.01577041942604849,0.07574025018395876,0.02539982273730683,-0.0015244390243901438,-0.0038931886956521176,0.026712431788079468,0.0167560706401766,-0.005985596026490015
2018-08,307828.2651072125,-0.0047460038986354815,0.017658674463937613,-0.0046455131034529385,-0.006781729228679915,169.34587394411955,-0.0021221646529311165,-0.01971079167127804,-1.0047574097728655,0.23510796005213153,0.03841225290684453,418514911306.0429,0.021266449885279946,0.013565255722486324,135.92923976608188,0.07053005198180631,-0.17489097898468234,-0.014235380116959014,-0.17072303614278672,-0.015455490578297522,0.07576803118908379,0.02551063961988303,-0.0015618789999999,-0.004079997157622687,0.02685470760233918,0.016894444444444445,-0.0060251949317738345
2018-09,293418.65079365077,-0.004350793650793651,0.017429365079365076,-0.003951549245471132,-0.007287854425575478,169.27599206349205,-0.0024920960713425908,-0.021612473123819396,-1.0051975111945217,0.23415649130869073,0.038716414899851004,420171500793.6508,0.023729725144747447,0.016042921453637626,136.41488095238097,0.06909589947089942,-0.17721397006427975,-0.014347552910052864,-0.17149373845128815,-0.015308862433862355,0.0743306878306878,0.0254834769345238,-0.0017129999999999,-0.004889858395989926,0.02639169027777778,0.016744146825396825,-0.00547767857142853
2018-10,280360.80139372824,-0.004635540069686405,0.017574738675958185,-0.004660098456829554,-0.0071986046860522184,169.33083623693378,-0.002134946199525461,-0.0235409067796569,-1.005662806046346,0.2340728133817524,0.03885059643741935,418929287979.09406,0.022377686083822707,0.0156414939705965,136.11602787456448,0.0701646341463414,-0.17644976061382656,-0.014376306620209008,-0.17222220401819796,-0.015586527293844287,0.07528048780487802,0.02535769590592333,-0.0016952712882095068,-0.0048452344497607195,0.02605936219512195,0.016752351916376307,-0.005506054006968594
2018-11,285033.26959847036,-0.004411472275334607,0.018010325047801142,-0.004769715028453963,-0.006470753920955752,169.37571701720842,-0.0019409605529602878,-0.020119174749591108,-1.0048681453189956,0.23484954145039974,0.03865070636285994,417636410707.457,0.021802174611464418,0.014831373479028435,135.83499043977054,0.0712579668578712,-0.17544851235201814,-0.013858986615678722,-0.16995380668526533,-0.01551242829827908,0.07648693435309112,0.02540999952198851,-0.0015544036069650741,-0.004092507865168493,0.02645149521988528,0.016992447418738052,-0.005904636711281027
2018-12,275054.43548387097,-0.004569758064516127,0.018162499999999995,-0.004989621160616078,-0.006191075047832552,169.44301075268817,-0.0016679779070164816,-0.017595548742709737,-1.0042713691368672,0.2353337803476176,0.03878280194537331,416855144758.0645,0.020867724308917382,0.014876899266172179,135.73467741935485,0.07193934811827951,-0.17510023972157523,-0.01386626344086016,-0.17026977289195552,-0.015686155913978417,0.07715793010752686,0.025397805947580628,-0.0014918342485548133,-0.0037086396923076397,0.026637245766129032,0.017035030241935485,-0.0060339717741935035
2019-01,286931.0869565217,-0.003970652173913053,0.01784152173913043,-0.0045888029619726755,-0.006653707361226321,169.21028985507246,-0.002194609571822443,-0.020444373432877628,-1.0049620410581215,0.23509515898410727,0.038063945640769564,418474770652.1739,0.02245160215797557,0.013571910680361997,135.8291304347826,0.07037626811594198,-0.17587176527319048,-0.013812681159420232,-0.17048852872043596,-0.015371014492753549,0.0756246376811594,0.025383291141304335,-0.0014343598039214685,-0.003387498795180679,0.026332513260869564,0.016963967391304346,-0.005876739130434745
2019-02,321367.28723404254,-0.004175000000000008,0.017860638297872336,-0.004841728945665298,-0.006611225344357394,169.2601063829787,-0.001961294467137259,-0.019300789713857187,-1.004685584460208,0.23533526378161004,0.03820196852949272,418032344148.93616,0.021679079591892386,0.013423435249334724,135.78989361702128,0.07076063829787228,-0.17594567234679384,-0.01394193262411342,-0.17167516849554665,-0.015588652482269429,0.07592375886524821,0.02534478896276594,-0.001418728846153746,-0.0033050999999999528,0.02638390478723404,0.01693470744680851,-0.005872606382978683
2019-03,293430.0,-0.0032512962962963033,0.017943888888888884,-0.003658264005499011,-0.006642035018251501,169.08796296296296,-0.002585583730807953,-0.022915682832428945,-1.0055489007650302,0.23428247744291683,0.038231100350497524,419328235370.37036,0.025418331742345885,0.015639879143432546,136.1112962962963,0.06954243827160489,-0.17772979419696333,-0.01329706790123451,-0.16824509186581807,-0.01496419753086412,0.07490555555555554,0.025448945231481463,-0.001490506046931308,-0.003645644973544938,0.02574100611111111,0.017024166666666667,-0.005451481481481451
2019-04,306936.4356435643,-0.0033130693069306975,0.018332079207920786,-0.004053539996618814,-0.006124413280888797,169.19590759075908,-0.0021870673070988984,-0.02141167951967544,-1.005193972878404,0.2345943581693467,0.03842863456729132,417765061980.198,0.024555767209298425,0.01542210546737352,135.8740594059406,0.07090940594059401,-0.17734027925747387,-0.012974917491749114,-0.16752389660242223,-0.015140594059405862,0.0762217821782178,0.025420569158415823,-0.0014591648734176216,-0.003440510793650761,0.025817330297029702,0.017167178217821783,-0.005600346534653435
2019-05,298996.57039711194,-0.0036638989169675094,0.018365703971119127,-0.004177594983469749,-0.006030558662507642,169.27821901323705,-0.002050570637808288,-0.02066094903548577,-1.0050076343037968,0.23468128058547139,0.03865872496443283,417348962635.3791,0.023780415634515568,0.01570100406510218,135.84675090252708,0.07135033092659442,-0.1766946711792153,-0.013095367027677437,-0.16737165165910864,-0.015221419975932533,0.07667208182912152,0.025458188086642578,-0.0014834643749999,-0.003609442521994097,0.026010623465703972,0.017173420577617327,-0.005705911552346536
2019-06,295750.20746887964,-0.00354688796680498,0.01817406639004149,-0.004126161796780189,-0.006355054655154259,169.21666666666667,-0.0021766247283943147,-0.021304444416065507,-1.0051668716063407,0.2345044539486599,0.038585883147708944,418102501452.28217,0.02418843036626743,0.016193611867547128,135.96390041493777,0.07066165283540797,-0.17727222551481597,-0.013331085753803536,-0.16873606742441719,-0.015251728907330491,0.07596611341632087,0.02538306862033193,-0.0014846085616437355,-0.003608515384615346,0.025795328423236515,0.017061514522821574,-0.005542168049792496
2019-07,315662.3973727422,-0.00416978653530378,0.017894088669950736,-0.004579903984669286,-0.006599047857969635,169.27235905856597,-0.002088986668090328,-0.02010964564941453,-1.0048771500836182,0.23496924227556115,0.03841446205006653,418220603940.8867,0.022264029869797346,0.014753349000049548,135.88013136288998,0.070651614668856,-0.17583009070271344,-0.013898604269293869,-0.17044312190102684,-0.015442255062944643,0.07591461412151065,0.0253894673234811,-0.0014710846456691914,-0.0035766846153845676,0.026295966666666663,0.01695258620689655,-0.005828119868637068
2019-08,315306.7656765677,-0.004437953795379538,0.01762293729372937,-0.00436546887968758,-0.0069460356543168894,169.27332233223322,-0.0022195778331955216,-0.020425694312404086,-1.0049392457079391,0.2347442231279669,0.03860478087846318,419064684653.46533,0.02236737924547279,0.015601781390870786,136.0990099009901,0.0699764851485148,-0.17603898514988733,-0.014290566556655612,-0.17140080255216786,-0.015447744774477374,0.07524917491749172,0.0254245445132013,-0.0015442489043823702,-0.003935155506607876,0.026325465181518154,0.016820214521452145,-0.005700618811881142
2019-09,333198.6348122867,-0.004394539249146758,0.017766552901023882,-0.003931938955164208,-0.006638874899309354,169.2946530147895,-0.0023620009545041805,-0.019772392225932623,-1.0047759764697481,0.23477590879213053,0.03864544533668007,418974255290.1024,0.02291233177490484,0.015704138647642914,136.12901023890785,0.07010466439135375,-0.17557704730652574,-0.013965301478953302,-0.16870018400054895,-0.015161547212741678,0.07551763367463023,0.02559597482935152,-0.0015676965447153472,-0.004035802752293525,0.02662553822525597,0.016955290102389078,-0.005855034129692791
2019-10,331652.91095890413,-0.0043974315068493145,0.018031849315068488,-0.004012544378763901,-0.006235696622445312,169.36695205479452,-0.0020459525216163558,-0.01713011608229722,-1.0041458405416532,0.23517939642783153,0.038901167239442126,418016543493.1507,0.022525739315435545,0.016058578093050897,136.0722602739726,0.07091295662100451,-0.17592627199628724,-0.013766980593607253,-0.16866331501707846,-0.015323630136986227,0.0762893835616438,0.025594960145547924,-0.001533706718061574,-0.0037882239506172267,0.02671401780821918,0.01703754280821918,-0.0058731592465753
2019-11,329542.0814479638,-0.0043447963800905,0.017955656108597277,-0.004503627048148418,-0.006456438070294787,169.3158371040724,-0.002041647421935213,-0.020109955866425718,-1.0048633523814503,0.23498504467755732,0.03853854509060497,417903707013.57465,0.02210825781946851,0.01444568311049191,135.86719457013575,0.07096474358974354,-0.17558322760008852,-0.013788084464554996,-0.16953863268377484,-0.015399698340874735,0.07622699849170435,0.025479348416289575,-0.0015063426966291135,-0.003774517704917985,0.026455303619909505,0.017004355203619908,-0.005885124434389099
2019-12,320309.7744360902,-0.005012030075187971,0.017797180451127815,-0.005058837772732752,-0.006573418133124536,169.44931077694235,-0.001828628033004351,-0.017821609593717827,-1.0043105370909848,0.2354410766832593,0.0385640470132558,417654556578.9474,0.020054393343697786,0.013533272047304238,135.79624060150377,0.07133630952380947,-0.17422737990331022,-0.01432064536340847,-0.17119514805515132,-0.015672305764410952,0.07654072681704259,0.025469058928571413,-0.001552736202185692,-0.004024327763496088,0.027073125751879697,0.016921804511278195,-0.006196663533834538
2020-01,320289.2355694228,-0.00493572542901716,0.01803354134165366,-0.005080355509823085,-0.006220634537949558,169.4956838273531,-0.0017760749616437016,-0.016438545050651815,-1.003992146866798,0.23559220769595907,0.038623317565556724,417088341965.67865,0.019884506249780345,0.014043209870120204,135.69765990639624,0.07188663546541856,-0.1734406297994043,-0.014106474258970304,-0.16921682608541636,-0.015556422256890202,0.07720540821632862,0.025479493681747255,-0.0015180104761903762,-0.0038502907284767634,0.027199680343213725,0.017037246489859593,-0.006400117004680138
2020-02,335864.1891891892,-0.004418750000000001,0.018349662162162154,-0.0046118188653781365,-0.005764513559359009,169.46801801801803,-0.001953744704367318,-0.016158005900848392,-1.0039294020123517,0.23550748910751537,0.03854471752120779,416880472297.2973,0.02124598222930811,0.014229357924049956,135.68445945945945,0.07206911599099093,-0.17349489281918398,-0.013443975225225172,-0.16537937905189767,-0.015143581081081006,0.0775377252252252,0.02557513665540539,-0.00150895509478663,-0.003801765664160349,0.027219473986486487,0.01724193412162162,-0.006492525337837797
2020-03,329245.58359621454,-0.004072555205047319,0.018256309148264975,-0.0038714703892161685,-0.005992075718270283,169.40373291272343,-0.0023498581325578152,-0.01811145451369724,-1.0043870801102275,0.23477190445495566,0.038686824009922995,418022816088.32806,0.02341402213697449,0.015959806864615757,136.00236593059938,0.07106401156677176,-0.17481436770645795,-0.013312302839116668,-0.16467692243875082,-0.014883806519453133,0.07662145110410092,0.02566037567034699,-0.0016224296332045332,-0.0044293936651583245,0.02699135094637224,0.01721707413249211,-0.0061804416403785116
2020-04,335354.02843601897,-0.0038163507109004804,0.018311611374407573,-0.0037247180626964987,-0.005830711170119483,169.33104265402844,-0.0025215715149922396,-0.018361565895749034,-1.0044549959767133,0.23497666603751005,0.03828123030977991,418079582464.45496,0.023708583239401837,0.01467432120166038,135.8872037914692,0.07096721958925745,-0.17425802621436753,-0.013017180094786676,-0.1628837631932665,-0.014628751974723464,0.07660821484992099,0.02572349247630331,-0.0015428590540539542,-0.004004256902356859,0.02710015616113744,0.0173188981042654,-0.006360604265402811
2020-05,313504.66101694916,-0.004574364406779665,0.01806207627118643,-0.0044455971153255815,-0.006101269443851486,169.39992937853106,-0.0022182190038041003,-0.018143489295528364,-1.0043958000588806,0.23534829119801837,0.03830606513608121,417707582203.38983,0.021328050376612465,0.013442730622214155,135.73580508474578,0.07134339689265531,-0.17308502279789326,-0.013654131355932148,-0.1656599758925355,-0.015020480225988626,0.0768396892655367,0.025651931514830497,-0.001521561111111011,-0.003878311695906381,0.02728163622881356,0.017169385593220336,-0.006503336864406737
2020-06,338697.8586723769,-0.0051250535331905725,0.017756316916488216,-0.005200861997656936,-0.006637712946188265,169.4536045681656,-0.0017322061241519737,-0.017988667376330116,-1.0043449687240673,0.2353587730196123,0.03875300915741303,417645876873.6617,0.019699809434618135,0.013899573224994676,135.81884368308351,0.07139632405424691,-0.174155654095055,-0.014471270521056337,-0.17086816179171488,-0.015670949321912844,0.07656531049250533,0.02538517938972161,-0.0015640876666665666,-0.004020002077151276,0.026827889721627408,0.016862526766595286,-0.006127301927194809
2020-07,332991.2017167382,-0.00519034334763948,0.01776223175965665,-0.005347199585470848,-0.006671469697549512,169.5013590844063,-0.0017229756362905902,-0.01792009518878635,-1.004327682559796,0.23528355544509963,0.03874741097084346,417595322317.59656,0.019521211567544883,0.013797071039077442,135.80772532188843,0.07150089413447777,-0.17394131713709,-0.014518061516452026,-0.1710744196621255,-0.015715307582260297,0.07665522174535047,0.02537355638412016,-0.0016326582191779821,-0.004355057647058766,0.02698623884120172,0.01686233905579399,-0.006198229613733853
2020-08,349380.35714285716,-0.005181746031746026,0.01764166666666666,-0.00504264559599961,-0.006806891612537416,169.4441798941799,-0.0018959211212084236,-0.018855444410717386,-1.0045498750226993,0.23513495245633312,0.03874260713610032,418122232936.50793,0.020006656212006337,0.014273946953098086,135.89920634920634,0.07100644841269836,-0.17405911230817395,-0.014581845238095187,-0.17098885677336162,-0.01561044973544966,0.0762222222222222,0.02542926577380951,-0.001613371726190376,-0.004244042705570232,0.0268801,0.016828769841269842,-0.00610942460317455
2020-09,362907.880910683,-0.005443432574430818,0.017949912434325737,-0.00510121402117801,-0.0062316120669193235,169.5660245183888,-0.0017346050439978132,-0.016914882293595536,-1.0040809735732903,0.23555830023006108,0.0388126836998892,416940850788.09106,0.019119139375619657,0.013472413359220833,135.70192644483362,0.07212959719789837,-0.17259031399512284,-0.014242994746059494,-0.16838483893924572,-0.015517805020431916,0.07743666082895502,0.025589535201401035,-0.0016236827380951382,-0.004261836609336547,0.027463557267950963,0.01703025394045534,-0.00651519264448331
2020-10,333299.8272884283,-0.004826597582037993,0.017817271157167525,-0.0045824894648298555,-0.006539522571850178,169.40863557858376,-0.0020220488984732934,-0.01857529340035341,-1.00448304009278,0.2350838385402845,0.03875057297083322,418122488255.6131,0.02116155765437756,0.01468056990771514,135.95561312607944,0.0709635866436384,-0.174564330983741,-0.014159038572250957,-0.16899785144561463,-0.015370754173862909,0.0762682786413356,0.025517033376511213,-0.0015951115384614384,-0.0041676382422802275,0.026844544041450775,0.016944214162348877,-0.006069775474956775
2020-11,385194.1176470588,-0.004499789915966382,0.018044117647058818,-0.00410083265292844,-0.0062419858175875274,169.41477591036414,-0.0021765393101931584,-0.018744735451191492,-1.004517781648321,0.2348156076326069,0.038853350484607696,418057613445.3782,0.02250587852690738,0.015329316913136467,136.03235294117647,0.07104096638655458,-0.17496396428063488,-0.013666841736694628,-0.16632583414665172,-0.015081232492997124,0.07644747899159661,0.02562889023109242,-0.0016522078729280768,-0.004505632934131684,0.02687953361344538,0.0170874474789916,-0.006052888655462143
2020-12,366473.4496124031,-0.004900775193798446,0.01802403100775193,-0.004397676770235072,-0.006194484336373328,169.48288113695088,-0.002091380280316244,-0.01863513276852351,-1.0044867559397412,0.23500952694528962,0.03879578085636998,417633134689.9225,0.021317542384393807,0.014322770452469824,135.88934108527133,0.07148934108527126,-0.17367166947128873,-0.013793604651162743,-0.16615427718898085,-0.01513759689922473,0.07689664082687335,0.025679377131782935,-0.0016747611878452039,-0.004592585792349673,0.027229949031007752,0.017108333333333333,-0.006311773255813909
2021-01,332626.17354196304,-0.0033574679943100777,0.01880981507823612,-0.003926880261523711,-0.004936093573342948,169.2692271218587,-0.0024641432010007306,-0.01770128357365422,-1.0042931699709459,0.23503760520359246,0.03840976410750129,417231487766.7141,0.023200485784292606,0.013922998229727224,135.60796586059743,0.07208760075865334,-0.17122858354801831,-0.012284495021337076,-0.14967564050523302,-0.013406353722143131,0.07797818871503079,0.025483405583214772,-0.001422947972972873,-0.003075086946386893,0.026312327169274535,0.017569310099573257,-0.006843990042674217
2021-02,335391.83400267735,-0.003386345381526076,0.01875689424364122,-0.004510580972167415,-0.00514435211992855,169.3134761267291,-0.0022681346334530506,-0.01725956585950982,-1.0041918946159751,0.2349413715223551,0.038503947819338746,417208892637.2155,0.0225006069831274,0.014120863947542268,135.6,0.07220381526104412,-0.17134989629631578,-0.01259549308344484,-0.15087992260474584,-0.013594823739401988,0.07796742525658186,0.025246024263721533,-0.0014625638888887888,-0.0033885437636760945,0.026090725836680054,0.01745338018741633,-0.0067917336010709095
2021-03,321642.92084726866,-0.0034232998885172527,0.018305685618729087,-0.004578602743901378,-0.005769522783562403,169.14752879970268,-0.002477942861734955,-0.020488931483595763,-1.0049612820529448,0.23472075166052944,0.03818380518262685,418381563768.11597,0.02245156142429181,0.013181878286233422,135.64615384615385,0.07109736157562238,-0.17150719420465804,-0.013028799702712696,-0.15250247820284005,-0.01355778520995906,0.07678335191378667,0.025144167028985486,-0.001400709638554117,-0.0030410043771043225,0.025586377034559644,0.017250111482720175,-0.006579960981047893
2021-04,362365.64580559253,-0.003522103861517945,0.018411051930758978,-0.004326277999988221,-0.005570102015234384,169.20634709276518,-0.002193443832060319,-0.017416146340307536,-1.0042169253217927,0.23500420342819428,0.03873395889200463,418018768175.7656,0.022545849628879466,0.014800982492271651,135.8318242343542,0.07136573457612067,-0.17287547781329296,-0.013062583222370125,-0.15375056531247308,-0.013790945406125106,0.07699644917887259,0.02517050569241009,-0.0013943857421874,-0.0028479588983050196,0.025556370439414115,0.017226498002663116,-0.006338115845539237
2021-05,360032.29018492176,-0.003427738264580342,0.018376813655761014,-0.004033850260564968,-0.005627493945311243,169.15922238027503,-0.0023495132253527865,-0.01876399506522637,-1.0045386105216583,0.23482931765637216,0.03865790898072241,418275615078.23615,0.02324378479456184,0.014929482827509792,135.86955903271692,0.07106152204836409,-0.17322771061988415,-0.012953651019440442,-0.15399736036464554,-0.01374253200568984,0.07672688477951632,0.02525677635135132,-0.0014012420498083291,-0.0028464703370785906,0.025512208819345662,0.01724366998577525,-0.006248506401137938
2021-06,335790.68493150687,-0.0029486301369862837,0.018424383561643824,-0.0032207687500264053,-0.0056369306080109,169.08575342465753,-0.002708302336075547,-0.019971946615564746,-1.004833417761986,0.23446244738093452,0.03855630496725866,418899987808.2192,0.025497740880634792,0.016085951532010947,136.0558904109589,0.07034280821917803,-0.17476155134533963,-0.01257363013698625,-0.15469786782858205,-0.013653881278538749,0.07611141552511413,0.02544327164383559,-0.001445264602446383,-0.0030531055437099707,0.0255448601369863,0.01731958904109589,-0.006011506849315036
2021-07,359908.9790897909,-0.003433948339483364,0.01824883148831487,-0.004115822986626821,-0.005781067982500066,169.15391553915538,-0.0026740227878089174,-0.020211320279355134,-1.0048784778944564,0.23450453478196476,0.03836331131036433,418986731242.31244,0.02320334933551573,0.013879944582361558,135.8522755227552,0.07066902419024185,-0.17161643660521186,-0.012997437474374696,-0.15063151493094598,-0.013287002870028637,0.07644321443214429,0.025244021402214004,-0.0014952812499999,-0.0035005794964028205,0.025703379704797046,0.017255166051660515,-0.0065533210332102895
2021-08,377046.90721649484,-0.003585438144329858,0.017793041237113394,-0.005109808244560763,-0.006550661373951217,169.0826030927835,-0.002512709030287829,-0.021794371162080935,-1.005259267077046,0.23437103246872876,0.038177844519159836,419789329252.57733,0.021722770085041608,0.012785263792935429,135.82667525773195,0.0700496134020618,-0.171584324583338,-0.013822379725085869,-0.15343889770118685,-0.01351975945017176,0.07556443298969068,0.024817244039948436,-0.0014729883828995282,-0.0034643938053096745,0.025037364432989692,0.016926353092783505,-0.006382925257731907
2021-09,363019.880239521,-0.0037947305389221158,0.018114730538922146,-0.005241390666525869,-0.005997193883942368,169.1913373253493,-0.00232361964156701,-0.020003405263521616,-1.0048346338194807,0.23476178309108442,0.0382682328973422,418561795209.5808,0.02080764019388154,0.012435867988101215,135.60850299401199,0.07118902195608777,-0.17015844081830486,-0.013525948103792372,-0.1512131331573491,-0.013475449101796346,0.07680079840319357,0.02492441520958082,-0.0014279936770427014,-0.003269253228621228,0.02546432598802395,0.017110479041916166,-0.006747694610778391
2021-10,419584.6153846154,-0.003707692307692266,0.018148109517601034,-0.004470371078064782,-0.005797065572320752,169.22303346371143,-0.002440097504166508,-0.016532641222983945,-1.0039872983739906,0.23488967238937652,0.038658941494195506,419163158148.63104,0.02189202826361254,0.013998745330267268,135.96297262059974,0.0707541286397218,-0.1710247035622788,-0.013427640156453681,-0.14924285103858964,-0.013215993046501466,0.07648457192524985,0.02506752359843544,-0.0015268945278968957,-0.0035357303703702986,0.025748382529335076,0.017139341590612776,-0.006671186440677917
2021-11,409710.85972850677,-0.0036334841628958836,0.017845248868778273,-0.004179148247877959,-0.0062667221765028555,169.12704876822522,-0.002655724677187383,-0.018414316802285835,-1.0044281929088674,0.23445980235054806,0.038709910027974456,420330452941.17645,0.022772268294629614,0.014761864495744688,136.1996983408748,0.06970022624434384,-0.17205476245065537,-0.013704876822523847,-0.15040309182680042,-0.013162895927601755,0.07539819004524884,0.025027504939668155,-0.0015712134615383615,-0.00370351181262722,0.025351526998491705,0.0169802036199095,-0.006342006033182454
2021-12,440973.83040935674,-0.003637134502923937,0.018070760233918123,-0.0047211349041743015,-0.0060222812509667985,169.1812378167641,-0.0022841433965922887,-0.01732862321867698,-1.0041855468481051,0.23487996046408888,0.03863645784071957,419101077485.3801,0.021810240681432107,0.014069526839734656,135.9425438596491,0.07065838206627674,-0.17213536595857082,-0.013590765107212438,-0.15255549636049243,-0.013565789473684153,0.07623635477582842,0.024948099305555534,-0.0014637631395347838,-0.0032758374207187465,0.025394613450292397,0.017038267543859648,-0.006408333333333284
2022-01,430027.37341772154,-0.0033810126582278235,0.018068354430379737,-0.00438284817751593,-0.005952664217333642,169.08639240506326,-0.0023708438650449555,-0.01723642834964505,-1.004162477473605,0.2346530479330191,0.03799837078559131,419557589240.50635,0.0231310853328792,0.014012230212202085,135.98496835443038,0.07022112341772146,-0.17216425520304054,-0.01319514767932485,-0.15164541863937842,-0.013341772151898676,0.07590559071729955,0.025081263647151877,-0.002302407352941095,-0.002649203363228647,0.025589200158227847,0.017137262658227848,-0.00647780854430376
2022-02,403064.46280991734,-0.0031137190082644413,0.01776314049586776,-0.003833022238698168,-0.0064299007405064865,168.94506887052341,-0.002523325876406287,-0.01795379347463737,-1.0043279762524429,0.23418072210205004,0.03800679392688655,420995782148.7603,0.024881927032725713,0.015913468786765014,136.36429752066115,0.06884008264462804,-0.17433742387251583,-0.013401790633608772,-0.15407970842259877,-0.013374104683195533,0.07449201101928371,0.025052360289256174,-0.0024797228013028532,-0.0024513993288590107,0.02509500429752066,0.016960371900826447,-0.005950247933884265
2022-03,425726.99055330636,-0.0031789473684210308,0.017878677462887984,-0.004502581621669329,-0.006257822563825315,169.0076923076923,-0.002247679482613438,-0.015532493258966001,-1.0037626113372606,0.23467005574778788,0.037838336184780046,420309114304.9932,0.02347923099662683,0.01490367521599283,136.1527665317139,0.06954093567251457,-0.17326054338054403,-0.013470535312640534,-0.15374417661369505,-0.013475033738191576,0.07515384615384611,0.02490076359649121,-0.002561619985673277,-0.002213714206642015,0.025275376653171387,0.01698620107962213,-0.006251788124156511
2022-04,445388.5838150289,-0.0035734104046242486,0.01799248554913294,-0.0046897117073943255,-0.005972454009220518,169.10693641618496,-0.0021103204837495215,-0.014244264898723493,-1.0034435288117722,0.2351474740416684,0.038112533138173525,419495767196.5318,0.022095307255835674,0.01386206307101277,136.00751445086703,0.07036500481695564,-0.17197139732896238,-0.013478082851637723,-0.15188241437420716,-0.01343352601156064,0.07599181117533715,0.024961994328034663,-0.002410198253676392,-0.002441932793522206,0.025571262283236997,0.01705621387283237,-0.006525578034682041
2022-05,419968.32174776564,-0.0036851042701092,0.01760665342601787,-0.005046459109150038,-0.006439493646633678,169.0156570671963,-0.002182340025494481,-0.013989830708401348,-1.0033822119437144,0.23501898604148785,0.037797342659047516,420737992254.22046,0.021445553115667117,0.013739416567985385,136.09334657398213,0.06949395895398869,-0.1707609160876586,-0.014016964581264444,-0.15048412151772558,-0.013147633234028417,0.07515954981794103,0.024740678624627588,-0.002771283924205309,-0.002238246124523444,0.02528774965243297,0.01686767626613704,-0.00663063555114196
2022-06,413939.2912172573,-0.003890755007704116,0.01705338983050847,-0.006242866582476374,-0.00719673733978559,168.9388546481767,-0.002219924527173812,-0.015460283312141339,-1.0037330973916554,0.2350056287496534,0.037238690707363825,421960865408.3205,0.019196089049458076,0.010771008642696074,135.97673343605547,0.06869953775038515,-0.16887125316702392,-0.014913263995891086,-0.1498649522920551,-0.012956856702619368,0.07418489984591675,0.024284339137134042,-0.0028731459745762037,-0.0023239152212388707,0.024938544067796612,0.016560651001540833,-0.006868817411402103
2022-07,418727.3156899811,-0.0039326086956521285,0.017413610586011336,-0.005486659928794342,-0.006647595428203947,169.0290800252048,-0.0022846579613728835,-0.014429856592773804,-1.0034828113768004,0.2350117752230941,0.0377240352967485,421183954820.4159,0.020184952926030276,0.012643593616357328,136.0297731568998,0.06934853497164455,-0.1689288119242398,-0.014397841839949558,-0.14798640076186462,-0.012864209199747905,0.07504221802142402,0.024597841753308113,-0.002796581034482688,-0.002553921903669656,0.025284981190926276,0.016782277882797732,-0.00691089319470694
2022-08,405652.5026624068,-0.0037055378061767435,0.01760415335463258,-0.004829960245387243,-0.0064656940391639205,169.03684771033014,-0.0023458160585858416,-0.01574185174324241,-1.0037951559542015,0.23473206539653413,0.038076127526182106,420857780298.1896,0.02169558806233906,0.014080306511541308,136.16027689030884,0.06936909833155834,-0.17104282071713095,-0.01405351437699677,-0.15017309782377752,-0.013093361732339317,0.07502981895633648,0.024779047310969093,-0.002502592927170791,-0.0025287075445815507,0.02521939350372737,0.016851783812566558,-0.006522257720979717
2022-09,404114.17004048586,-0.0035384615384615034,0.017641160593792164,-0.004317945461626652,-0.00644702193068353,169.01376518218623,-0.002502328775270995,-0.015476946152562409,-1.0037289978767645,0.2346634191578189,0.038098024629579216,421118879622.13226,0.022965729158220767,0.014868992101565953,136.28029689608636,0.06909919028340075,-0.17174822480218954,-0.013798133153396275,-0.15022437262716296,-0.01303868645973904,0.07485200179937018,0.02493443927125504,-0.0024934254823150343,-0.002916711187607511,0.025318369095816463,0.016919500674763832,-0.0064297570850202
2022-10,402742.55319148937,-0.0034799645390070568,0.017675354609929073,-0.004614700274640424,-0.006659190839762287,169.01447990543733,-0.002180648968206058,-0.017271563077755642,-1.0041681831447646,0.23445146264215455,0.03843003384144935,420504609219.85815,0.023041242902804366,0.015997745478309917,136.2654255319149,0.06935948581560278,-0.17401831613165006,-0.013954787234042513,-0.15596313223489183,-0.013732269503546043,0.07485224586288412,0.024789882136524798,-0.0023218290598289787,-0.0027410436585365247,0.02471776046099291,0.01679618794326241,-0.005892375886524778
2022-11,432460.51948051946,-0.003476103896103858,0.017666753246753243,-0.00481516712180878,-0.006678408179725982,169.08025974025975,-0.002118827259401177,-0.0154218256218893,-1.0037134314549032,0.23432989191626963,0.03841741656794809,420799239740.25977,0.02300592779257516,0.015983728653347278,136.37246753246754,0.06933290043290039,-0.1737396739524123,-0.014001731601731569,-0.15430728319955675,-0.013574025974025919,0.07481125541125537,0.024702412662337647,-0.0027139184713375042,-0.00328446840277772,0.024922294025974026,0.016780649350649348,-0.006022012987012944
2022-12,427284.4155844156,-0.003653766233766195,0.018049870129870124,-0.005048370281146766,-0.006026164301070244,169.2003463203463,-0.001908968764765974,-0.01381430788517352,-1.00333990373805,0.23486714523744837,0.038514403131882854,419264852467.5325,0.021692970652780055,0.015125012195173567,136.0709090909091,0.07067229437229432,-0.17231111270066327,-0.01370541125541122,-0.15248345287008233,-0.013602597402597347,0.07620865800865798,0.024787814155844138,-0.0025607964552238037,-0.0028171734082396357,0.025374545454545455,0.016976103896103895,-0.006412142857142812
2023-01,416240.2,-0.003028999999999998,0.018343399999999992,-0.004352733287281505,-0.0055866523885932245,169.07766666666666,-0.0015160012946306527,-0.005055235549924975,-1.0012597167790942,0.23497185316703156,0.0372983598713872,419611670800.0,0.02531413253322877,0.01883725161796747,136.288,0.07049383333333328,-0.17267549203477622,-0.012575666666666619,-0.15110649553247557,-0.01338933333333328,0.07646933333333329,0.025067556649999986,-0.003952211426380322,-0.0018390031073446192,0.0259646084,0.017309750000000002,-0.00665144999999999
2023-02,413867.68292682926,-0.00313739837398374,0.018998983739837383,-0.003837404212617937,-0.004317136960353098,169.24837398373984,-0.0016229668212559036,-0.0015660214578690499,-1.0004308898607228,0.23555863075794292,0.03727618355579361,418030727032.5203,0.024877162023834935,0.01827236138062088,136.01361788617885,0.0720418360433604,-0.16953805879180325,-0.011686483739837349,-0.14329612438403377,-0.01276761517615171,0.07842750677506771,0.025477104014227626,-0.004058172277227679,-0.00129425766871164,0.027188856097560977,0.017785924796747968,-0.007525609756097554
2023-03,397800.47543581616,-0.0032122028526148927,0.018931537242472252,-0.0042301325020734915,-0.004556601578757633,169.26281035393558,-0.0014343553028151302,-0.0015012873954138436,-1.0004186574464646,0.23547532913833097,0.03740234120250484,417975316640.25354,0.024524501296406327,0.018893721016773956,136.01394611727417,0.07212665081880608,-0.16987093463643682,-0.011928288431061758,-0.1451236752558257,-0.013012150026413047,0.07842155309033276,0.025321455784469083,-0.004167430183726993,-0.0015961317307692166,0.02688791125198098,0.01768633122028526,-0.007392274167987312
2023-04,427871.01910828025,-0.0031977707006369425,0.019071974522292978,-0.004155188564958563,-0.004256970850923609,169.28460721868365,-0.0014322898601668171,-0.00010218243795718673,-1.000088589923787,0.23585675473612297,0.03729036008859542,417557167038.21655,0.02427106646289676,0.018183009032026413,135.91194267515922,0.07248832271762204,-0.16924670157349278,-0.011713110403396978,-0.14387410934287181,-0.01292356687898084,0.0788545647558386,0.02541418662420381,-0.004129976133333291,-0.0013343282926829116,0.027216316401273886,0.017799004777070065,-0.007615286624203813
2023-05,505119.7891321979,-0.0027832927818329358,0.019239821573398198,-0.003053394259778983,-0.003973461858551616,169.23563125168965,-0.002043774693443734,-0.004337230732075211,-1.0011059306818264,0.23572385565421533,0.037428142212189534,417529936171.93835,0.02590290777311263,0.017344685046368415,135.92968369829683,0.07210759664774258,-0.17075945348723973,-0.011205798864557935,-0.14434814905384158,-0.01282887266828867,0.07851743714517434,0.025767395843471194,-0.0033401673310810226,-0.0012296785347043493,0.02743591768045418,0.01795310218978102,-0.007399918896999185
2023-06,438174.0331491713,-0.0029266574585635353,0.018497790055248608,-0.003702118671228716,-0.005282392715984216,169.0814917127072,-0.001882510416639354,-0.006986257410682247,-1.0017213095120436,0.23479939616521486,0.0373727945261713,419524500276.2431,0.026103311976659698,0.018787652983189743,136.2763812154696,0.07048319521178632,-0.17235759791630278,-0.012214894106813947,-0.1489354837659189,-0.013108195211786317,0.07661187845303863,0.02531434450966849,-0.003704164006342443,-0.0018349847524752317,0.026241729696132598,0.017461015193370164,-0.006740780386740322
2023-07,440213.34250343876,-0.0027939477303989034,0.018659972489683617,-0.003978669935440796,-0.005017752237725811,169.11219624025676,-0.0018144764881237797,-0.006497095709844572,-1.001615753131211,0.23496572879424577,0.03709101316417678,419015153920.2201,0.025600797916220715,0.017623801859968508,136.10839064649244,0.07090543328748276,-0.1718432466174955,-0.01204653828519023,-0.14833948478752587,-0.013096286107290179,0.07700733608436493,0.02527815226960109,-0.003705985095137369,-0.0012965657258064383,0.02649980440165062,0.017541953232462174,-0.006957806052269594
2023-08,506379.8481711525,-0.002929399585921332,0.019238854382332627,-0.0037966191958480463,-0.004099650773735426,169.26951920864963,-0.0016800138264879674,-0.0036257614255170616,-1.0009436589903997,0.2359996084775467,0.037404277914474524,416886705383.02277,0.024714033311489143,0.016749782640687803,135.75569358178055,0.07267701863354033,-0.17070148373553753,-0.011413388543823273,-0.1467358399890098,-0.013213020473889983,0.07892914653784215,0.025578575189786047,-0.0034358183433734384,-0.0012333373453318167,0.027245024223602487,0.01788476535541753,-0.00739810213940648
2023-09,464870.6140350877,-0.0028761403508771924,0.018881754385964903,-0.0032577775595271485,-0.004698562017043856,169.19783625730994,-0.0018484178710927077,-0.004281423799365507,-1.0010781580785666,0.2352864409898993,0.03781248724687826,418522491929.8246,0.026370207520274472,0.019456794787021284,136.2580701754386,0.07130986842105258,-0.17264527688421907,-0.011794078947368372,-0.14803008079115215,-0.013161403508771876,0.07754152046783622,0.025523843706140335,-0.0035570757204610396,-0.0021048235294117445,0.026706221578947368,0.01765877192982456,-0.006848333333333326
2023-10,458368.7296416938,-0.00292301845819761,0.018789359391965244,-0.0039434413440744475,-0.004839814433729123,169.19771986970684,-0.0016473355377574386,-0.003592487534052108,-1.0009173131760705,0.23506122485962203,0.0374216135381047,418751624538.54504,0.025585511898581083,0.01921627687641097,136.19674267100976,0.07130600796235971,-0.17152791812908982,-0.012018096272167886,-0.1470295463705174,-0.01306623235613458,0.07750343829171187,0.02528750599891421,-0.003947275387930988,-0.001692299838709663,0.026625865689467967,0.017583984799131376,-0.007041422366992392
2023-11,480324.8322147651,-0.0029473633748801566,0.018868552253115997,-0.004281250658041834,-0.004643288472360729,169.19993608181528,-0.0015662325939776913,-0.003535485969370791,-1.0009109326902943,0.2353473721292687,0.037051591775506945,418239421572.3873,0.024708106734638514,0.017452593667056773,135.96836049856185,0.07173426014701179,-0.17052412106885828,-0.01190540108660909,-0.14632947305929567,-0.013037072547139606,0.07791019495046336,0.025275525407478416,-0.00395549335877858,-0.0010616614718614594,0.026851502205177374,0.01765402684563758,-0.00730874880153403
2023-12,502735.2908587258,-0.0028823822714681493,0.0194321329639889,-0.0033772894919005983,-0.0037245661909920914,169.32042474607573,-0.0018440681669546963,-0.00295545291316674,-1.000782215717384,0.23585986701646083,0.037496699160352635,416788933961.2188,0.025220978900633267,0.017526034808935345,135.7994459833795,0.072847460757156,-0.16994121470624515,-0.011124653739612134,-0.1434800730449286,-0.012878670360110747,0.07928384118190208,0.025728366412742367,-0.0034938869082125055,-0.0011687400365630524,0.027594199224376732,0.018025803324099723,-0.0076027285318559495
2024-01,509171.714066103,-0.0028532667179093025,0.018633512682551874,-0.004311363274109248,-0.005034811905438734,169.13023315398414,-0.0013883926575719988,-0.0015680669135598726,-1.0004431992552676,0.2354795226706959,0.03722319624402979,418962077863.1822,0.024977226971913614,0.018893689973792555,136.20945426594926,0.07103945682808091,-0.17227652475609848,-0.012325582884960239,-0.14966404983291565,-0.013325903151421934,0.07709787343069431,0.025094131994619504,-0.003983760504201636,-0.0008806053932584088,0.026375445810914683,0.017444696387394314,-0.006905649500384313
2024-02,526870.1704545454,-0.0029267992424242472,0.019435984848484834,-0.004379042686213428,-0.0037215902529145585,169.37433712121214,-0.0012231376758898,0.0030920895555600716,-0.9993478559781279,0.23634248086862725,0.03722846730746439,416579475946.9697,0.02380571377766245,0.017927473369661478,135.7681818181818,0.07328937815656561,-0.16928427619422096,-0.011444365530302982,-0.1437493834284551,-0.013051136363636313,0.07964330808080805,0.02536667781723484,-0.0041314316942148354,-0.0005243121538461378,0.027606311363636366,0.017930942234848486,-0.007828409090909086
2024-03,573555.2475247525,-0.002597755775577566,0.019134884488448835,-0.003792899844367336,-0.004320315042965741,169.23455445544556,-0.0015741083303911897,-0.0010082739977448334,-1.0003267871224315,0.23600834256032038,0.03746343526792063,417624251914.1914,0.02537708317573491,0.01825916599168466,136.01392739273928,0.07201034103410336,-0.17244052621861866,-0.011661001100109961,-0.14896253264446918,-0.013378107810781026,0.07817920792079204,0.025386830726072594,-0.0035065860571586584,-0.0010459207812499802,0.026993306270627064,0.017739389438943893,-0.0071031105610561
2024-04,544342.2702702703,-0.0027819459459459545,0.01876799999999999,-0.004376165012759801,-0.0046774058825795415,169.12854054054054,-0.0014212105055114346,-3.203925955272123e-05,-1.0000867391172612,0.2358990534300961,0.03678492411113048,418635013621.62164,0.02446387004333647,0.017472277559459546,136.02702702702703,0.07135981981981977,-0.17084448700316482,-0.012077027027026978,-0.14723071442877167,-0.013082882882882835,0.07753117117117113,0.025159041648648635,-0.003989813122923545,-0.00022694545454543668,0.026823116864864865,0.017584135135135136,-0.007318216216216211
2024-05,565956.1105207226,-0.0026037194473963942,0.018843676939426134,-0.003834683267163902,-0.004654146769186104,169.15487070492384,-0.0014406164098040178,0.00038203192699624904,-0.9999830208713659,0.2358959289892643,0.03737734168329676,418622657598.2997,0.025516790072728095,0.018955397724514086,136.26238044633368,0.07118003896563935,-0.1732996117355941,-0.012037991498405905,-0.14992035008933685,-0.013369110874955672,0.07725929861849093,0.025230254011689674,-0.0037588088682431946,-0.000514247039999976,0.026682860042507972,0.01754875132837407,-0.006867561105207223
2024-06,588565.6330749354,-0.0027022739018087937,0.018719224806201543,-0.004297973211296186,-0.004765662443784433,169.1162618432386,-0.0014114735458210187,-0.0002632267900890014,-1.000138706919867,0.23573587225845252,0.036876032920534686,418892549354.0052,0.024788924278240407,0.01791215852287805,136.13777777777776,0.07108591731266146,-0.17171996942010898,-0.012159431524547754,-0.14818858394201379,-0.013148664944013733,0.07718897502153312,0.02511684786821704,-0.003984502145669248,-0.0001078448534935945,0.02668738149870801,0.017522067183462532,-0.007132932816537464
